{
  "ETH": 3175.82,
  "WETH": 3175.82,
  "METIS": 105.54,
  "Metis": 105.54,
  "AVAX": 38.93,
  "WAVAX": 38.93,
  "USDC": 1,
  "USDT": 1,
  "m.USDC": 1,
  "m.USDT": 1,
  "PLS": 0.00013612,
  "WPLS": 0.00013612,
  "MANTA": 3,
  "WBTC": 54448,
  "BTC": 54448
}