{
  "ETH": 3005.4,
  "WETH": 3005.4,
  "METIS": 59.34,
  "WMETIS": 59.34,
  "Metis": 59.34,
  "AVAX": 34.47,
  "WAVAX": 34.47,
  "USDC": 1,
  "DAI": 1,
  "USDT": 1,
  "m.USDC": 1,
  "m.USDT": 1,
  "PLS": 0.00005891,
  "WPLS": 0.00005891,
  "MANTA": 1.66,
  "WBTC": 62271,
  "BTC": 62271,
  "ETH.ETH": 3005.4,
  "BTC.BTC": 62271,
  "ZETA": 1.55,
  "WZETA": 1.55,
  "WDEGEN": 0.01846752,
  "DEGEN": 0.01846752,
  "XDC": 0.0373294,
  "WXDC": 0.0373294,
  "CORE": 1.75,
  "WCORE": 1.75,
  "CHZ": 0.127573,
  "WCHZ": 0.127573,
  "XAI": 0.683191,
  "WXAI": 0.683191
}