{
  "ETH": 3151.96,
  "WETH": 3151.96,
  "METIS": 65.07,
  "Metis": 65.07,
  "AVAX": 35.81,
  "WAVAX": 35.81,
  "USDC": 1,
  "DAI": 1,
  "USDT": 1,
  "m.USDC": 1,
  "m.USDT": 1,
  "PLS": 0.00007092,
  "WPLS": 0.00007092,
  "MANTA": 1.84,
  "WBTC": 64578,
  "BTC": 64578,
  "ETH.ETH": 3151.96,
  "BTC.BTC": 64578,
  "ZETA": 1.28,
  "WZETA": 1.28,
  "WDEGEN": 0.02802528,
  "DEGEN": 0.02802528,
  "XDC": 0.03898957,
  "WXDC": 0.03898957,
  "CORE": 2.35,
  "WCORE": 2.35,
  "CHZ": 0.121732,
  "WCHZ": 0.121732,
  "XAI": 0.759498,
  "WXAI": 0.759498
}