{
  "ETH": 2924.48,
  "WETH": 2924.48,
  "METIS": 83.46,
  "Metis": 83.46,
  "AVAX": 37,
  "WAVAX": 37,
  "USDC": 1,
  "USDT": 1,
  "m.USDC": 1,
  "m.USDT": 1,
  "PLS": 0.00013157,
  "WPLS": 0.00013157,
  "MANTA": 3.13
}