{
  "ETH": 3660.13,
  "WETH": 3660.13,
  "METIS": 76.45,
  "WMETIS": 76.45,
  "Metis": 76.45,
  "AVAX": 40.48,
  "WAVAX": 40.48,
  "USDC": 1,
  "DAI": 1,
  "USDT": 1,
  "m.USDC": 1,
  "m.USDT": 1,
  "PLS": 0.00005657,
  "WPLS": 0.00005657,
  "MANTA": 1.66,
  "WBTC": 70966,
  "BTC": 70966,
  "ETH.ETH": 3660.13,
  "BTC.BTC": 70966,
  "ZETA": 1.7,
  "WZETA": 1.7,
  "WDEGEN": 0.01988128,
  "DEGEN": 0.01988128,
  "XDC": 0.03687274,
  "WXDC": 0.03687274,
  "CORE": 1.84,
  "WCORE": 1.84,
  "CHZ": 0.1256,
  "WCHZ": 0.1256,
  "XAI": 0.656803,
  "WXAI": 0.656803,
  "DMT": 98.38,
  "WDMT": 98.38
}