{
  "ETH": 2884.26,
  "WETH": 2884.26,
  "METIS": 55.77,
  "Metis": 55.77,
  "AVAX": 31.21,
  "WAVAX": 31.21,
  "USDC": 1,
  "DAI": 1,
  "USDT": 1,
  "m.USDC": 1,
  "m.USDT": 1,
  "PLS": 0.00006145,
  "WPLS": 0.00006145,
  "MANTA": 1.6,
  "WBTC": 57731,
  "BTC": 57731,
  "ETH.ETH": 2884.26,
  "BTC.BTC": 57731,
  "ZETA": 1.18,
  "WZETA": 1.18,
  "WDEGEN": 0.01606898,
  "DEGEN": 0.01606898,
  "XDC": 0.03426268,
  "WXDC": 0.03426268,
  "CORE": 1.77,
  "WCORE": 1.77,
  "CHZ": 0.108446,
  "WCHZ": 0.108446,
  "XAI": 0.64395,
  "WXAI": 0.64395
}