{
  "ETH": 3097.57,
  "WETH": 3097.57,
  "METIS": 64.49,
  "Metis": 64.49,
  "AVAX": 36.57,
  "WAVAX": 36.57,
  "USDC": 1,
  "USDT": 1,
  "m.USDC": 1,
  "m.USDT": 1,
  "PLS": 0.00008268,
  "WPLS": 0.00008268,
  "MANTA": 1.91,
  "WBTC": 64608,
  "BTC": 64608,
  "ETH.ETH": 3097.57,
  "BTC.BTC": 64608,
  "ZETA": 1.31,
  "WZETA": 1.31,
  "WDEGEN": 0.03412119,
  "DEGEN": 0.03412119,
  "XDC": 0.03929482,
  "WXDC": 0.03929482,
  "CORE": 2.06,
  "WCORE": 2.06,
  "CHZ": 0.115266,
  "WCHZ": 0.115266
}