{
  "ETH": 3144.53,
  "WETH": 3144.53,
  "METIS": 62.64,
  "Metis": 62.64,
  "AVAX": 34.98,
  "WAVAX": 34.98,
  "USDC": 1,
  "DAI": 1,
  "USDT": 1,
  "m.USDC": 1,
  "m.USDT": 1,
  "PLS": 0.0000688,
  "WPLS": 0.0000688,
  "MANTA": 1.76,
  "WBTC": 63906,
  "BTC": 63906,
  "ETH.ETH": 3144.53,
  "BTC.BTC": 63906,
  "ZETA": 1.18,
  "WZETA": 1.18,
  "WDEGEN": 0.02858095,
  "DEGEN": 0.02858095,
  "XDC": 0.04011722,
  "WXDC": 0.04011722,
  "CORE": 2.35,
  "WCORE": 2.35,
  "CHZ": 0.118198,
  "WCHZ": 0.118198,
  "XAI": 0.724386,
  "WXAI": 0.724386
}