{
  "ETH": 2980.06,
  "WETH": 2980.06,
  "METIS": 56.12,
  "Metis": 56.12,
  "AVAX": 33.37,
  "WAVAX": 33.37,
  "USDC": 1,
  "USDT": 1,
  "m.USDC": 1,
  "m.USDT": 1,
  "PLS": 0.00007674,
  "WPLS": 0.00007674,
  "MANTA": 1.89,
  "WBTC": 60713,
  "BTC": 60713,
  "ETH.ETH": 2980.06,
  "BTC.BTC": 60713,
  "ZETA": 1.17,
  "WZETA": 1.17,
  "WDEGEN": 0.02501955,
  "DEGEN": 0.02501955,
  "XDC": 0.03645446,
  "WXDC": 0.03645446,
  "CORE": 2.19,
  "WCORE": 2.19
}