{
  "ETH": 3258.21,
  "WETH": 3258.21,
  "METIS": 69.25,
  "Metis": 69.25,
  "AVAX": 39.05,
  "WAVAX": 39.05,
  "USDC": 1,
  "USDT": 1,
  "m.USDC": 1,
  "m.USDT": 1,
  "PLS": 0.00007601,
  "WPLS": 0.00007601,
  "MANTA": 1.97,
  "WBTC": 66359,
  "BTC": 66359,
  "ETH.ETH": 3258.21,
  "BTC.BTC": 66359,
  "ZETA": 1.33,
  "WZETA": 1.33,
  "WDEGEN": 0.03138216,
  "DEGEN": 0.03138216,
  "XDC": 0.04298303,
  "WXDC": 0.04298303,
  "CORE": 2.52,
  "WCORE": 2.52,
  "CHZ": 0.124644,
  "WCHZ": 0.124644,
  "XAI": 0.822024,
  "WXAI": 0.822024
}