{
  "ETH": 3952.2,
  "WETH": 3952.2,
  "METIS": 98.13,
  "Metis": 98.13,
  "AVAX": 42.78,
  "WAVAX": 42.78,
  "USDC": 1,
  "USDT": 1,
  "m.USDC": 1,
  "m.USDT": 1,
  "PLS": 0.00017966,
  "WPLS": 0.00017966,
  "MANTA": 3.52,
  "WBTC": 69259,
  "BTC": 69259,
  "ETH.ETH": 3952.2,
  "BTC.BTC": 69259,
  "ZETA": 2.32,
  "WZETA": 2.32
}