{
  "ETH": 3105.7,
  "WETH": 3105.7,
  "METIS": 65.29,
  "Metis": 65.29,
  "AVAX": 36.81,
  "WAVAX": 36.81,
  "USDC": 1,
  "USDT": 1,
  "m.USDC": 1,
  "m.USDT": 1,
  "PLS": 0.00008237,
  "WPLS": 0.00008237,
  "MANTA": 1.93,
  "WBTC": 64934,
  "BTC": 64934,
  "ETH.ETH": 3105.7,
  "BTC.BTC": 64934,
  "ZETA": 1.35,
  "WZETA": 1.35,
  "WDEGEN": 0.034408,
  "DEGEN": 0.034408,
  "XDC": 0.03880191,
  "WXDC": 0.03880191,
  "CORE": 2.06,
  "WCORE": 2.06,
  "CHZ": 0.116004,
  "WCHZ": 0.116004
}