{
  "ETH": 3799.98,
  "WETH": 3799.98,
  "METIS": 96.39,
  "Metis": 96.39,
  "AVAX": 40.32,
  "WAVAX": 40.32,
  "USDC": 1,
  "USDT": 1,
  "m.USDC": 1,
  "m.USDT": 1,
  "PLS": 0.00014472,
  "WPLS": 0.00014472,
  "MANTA": 2.99,
  "WBTC": 66930,
  "BTC": 66930,
  "ETH.ETH": 3799.98,
  "BTC.BTC": 66930,
  "ZETA": 2.05,
  "WZETA": 2.05
}