{
  "ETH": 3845.43,
  "WETH": 3845.43,
  "METIS": 97.69,
  "Metis": 97.69,
  "AVAX": 40.77,
  "WAVAX": 40.77,
  "USDC": 1,
  "USDT": 1,
  "m.USDC": 1,
  "m.USDT": 1,
  "PLS": 0.0001442,
  "WPLS": 0.0001442,
  "MANTA": 3.06,
  "WBTC": 66982,
  "BTC": 66982,
  "ETH.ETH": 3845.43,
  "BTC.BTC": 66982,
  "ZETA": 2.07,
  "WZETA": 2.07
}