{
  "ETH": 3499.38,
  "WETH": 3499.38,
  "METIS": 91.69,
  "Metis": 91.69,
  "AVAX": 47.35,
  "WAVAX": 47.35,
  "USDC": 1,
  "USDT": 1,
  "m.USDC": 1,
  "m.USDT": 1,
  "PLS": 0.00009811,
  "WPLS": 0.00009811,
  "MANTA": 2.76,
  "WBTC": 68859,
  "BTC": 68859,
  "ETH.ETH": 3499.38,
  "BTC.BTC": 68859,
  "ZETA": 1.81,
  "WZETA": 1.81,
  "WDEGEN": 0.03454576,
  "DEGEN": 0.03454576,
  "XDC": 0.04510909,
  "WXDC": 0.04510909,
  "CORE": 2.39,
  "WCORE": 2.39
}
