{
  "ETH": 2941.36,
  "WETH": 2941.36,
  "METIS": 89.4,
  "Metis": 89.4,
  "AVAX": 36.32,
  "WAVAX": 36.32,
  "USDC": 1,
  "USDT": 1,
  "m.USDC": 1,
  "m.USDT": 1,
  "PLS": 0.00012826,
  "WPLS": 0.00012826,
  "MANTA": 3.04,
  "WBTC": 51023,
  "BTC": 51023
}