{
  "ETH": 2965.22,
  "WETH": 2965.22,
  "METIS": 55.34,
  "Metis": 55.34,
  "AVAX": 32.9,
  "WAVAX": 32.9,
  "USDC": 1,
  "USDT": 1,
  "m.USDC": 1,
  "m.USDT": 1,
  "PLS": 0.00007782,
  "WPLS": 0.00007782,
  "MANTA": 1.86,
  "WBTC": 60462,
  "BTC": 60462,
  "ETH.ETH": 2965.22,
  "BTC.BTC": 60462,
  "ZETA": 1.16,
  "WZETA": 1.16,
  "WDEGEN": 0.02555066,
  "DEGEN": 0.02555066,
  "XDC": 0.03650112,
  "WXDC": 0.03650112,
  "CORE": 2.17,
  "WCORE": 2.17
}