{
  "ETH": 3808.11,
  "WETH": 3808.11,
  "METIS": 97.02,
  "Metis": 97.02,
  "AVAX": 39.74,
  "WAVAX": 39.74,
  "USDC": 1,
  "USDT": 1,
  "m.USDC": 1,
  "m.USDT": 1,
  "PLS": 0.0001426,
  "WPLS": 0.0001426,
  "MANTA": 2.97,
  "WBTC": 66692,
  "BTC": 66692,
  "ETH.ETH": 3808.11,
  "BTC.BTC": 66692,
  "ZETA": 2.03
}