{
  "ETH": 3686.93,
  "WETH": 3686.93,
  "METIS": 66.93,
  "WMETIS": 66.93,
  "Metis": 66.93,
  "AVAX": 32.39,
  "WAVAX": 32.39,
  "USDC": 1,
  "DAI": 1,
  "USDT": 1,
  "m.USDC": 1,
  "m.USDT": 1,
  "PLS": 0.00005068,
  "WPLS": 0.00005068,
  "MANTA": 1.56,
  "WBTC": 69334,
  "BTC": 69334,
  "ETH.ETH": 3686.93,
  "BTC.BTC": 69334,
  "ZETA": 1.13,
  "WZETA": 1.13,
  "WDEGEN": 0.01845144,
  "DEGEN": 0.01845144,
  "XDC": 0.0356313,
  "WXDC": 0.0356313,
  "CORE": 1.7,
  "WCORE": 1.7,
  "CHZ": 0.119771,
  "WCHZ": 0.119771,
  "XAI": 0.735944,
  "WXAI": 0.735944,
  "DMT": 115.99,
  "WDMT": 115.99,
  "QOM": 5.1201e-8,
  "WQOM": 5.1201e-8
}