{
  "ETH": 3758.01,
  "WETH": 3758.01,
  "METIS": 78.97,
  "WMETIS": 78.97,
  "Metis": 78.97,
  "AVAX": 40.59,
  "WAVAX": 40.59,
  "USDC": 1,
  "DAI": 1,
  "USDT": 1,
  "m.USDC": 1,
  "m.USDT": 1,
  "PLS": 0.00005738,
  "WPLS": 0.00005738,
  "MANTA": 1.67,
  "WBTC": 71228,
  "BTC": 71228,
  "ETH.ETH": 3758.01,
  "BTC.BTC": 71228,
  "ZETA": 1.7,
  "WZETA": 1.7,
  "WDEGEN": 0.02025546,
  "DEGEN": 0.02025546,
  "XDC": 0.03723613,
  "WXDC": 0.03723613,
  "CORE": 1.85,
  "WCORE": 1.85,
  "CHZ": 0.125175,
  "WCHZ": 0.125175,
  "XAI": 0.742046,
  "WXAI": 0.742046,
  "DMT": 98.35,
  "WDMT": 98.35
}