{
  "ETH": 3913.88,
  "WETH": 3913.88,
  "METIS": 106.2,
  "Metis": 106.2,
  "AVAX": 42.06,
  "WAVAX": 42.06,
  "USDC": 1,
  "USDT": 1,
  "m.USDC": 1,
  "m.USDT": 1,
  "PLS": 0.00017181,
  "WPLS": 0.00017181,
  "MANTA": 3.51,
  "WBTC": 69462,
  "BTC": 69462,
  "ETH.ETH": 3913.88,
  "BTC.BTC": 69462,
  "ZETA": 2.34,
  "WZETA": 2.34
}